episode,steps,X,Y,yaw,steer,throttle,action,reward,done,all_wheels_on_track,progress,closest_waypoint,track_len,tstamp,episode_status,pause_duration
20,1.0,3.1997739440826574,0.6831520789119833,0.1853558695767974,9.999999999999998,2.0,9,0.0,False,True,0.7907846065415697,1,17.709159380834848,62.333,prepare,0.0
20,2.0,3.1997327938476157,0.6831032114197831,0.18326595495146542,-30.0,2.0,1,1.0,False,True,0.7905513581379275,1,17.709159380834848,62.413,in_progress,0.0
20,3.0,3.2054637924811864,0.6841493588482149,0.4442228172081834,-20.0,1.0,2,1.0,False,True,0.8229318646817856,1,17.709159380834848,62.459,in_progress,0.0
20,4.0,3.2221561910694576,0.6880067257744077,1.252678436703417,20.0,1.0,10,1.0,False,True,0.9172140245148098,1,17.709159380834848,62.503,in_progress,0.0
20,5.0,3.2542747858826364,0.6957102061120545,2.8883904406799155,-20.0,1.0,2,1.0,False,True,1.0986475590450149,1,17.709159380834848,62.614,in_progress,0.0
20,6.0,3.300975261690921,0.7082197558527172,5.186651525298983,20.0,1.0,10,1.0,False,True,1.362463454643411,2,17.709159380834848,62.647,in_progress,0.0
20,7.0,3.341411871480722,0.7214475565672307,7.485883217934684,30.0,2.0,13,1.0,False,True,1.5909148326320361,2,17.709159380834848,62.738,in_progress,0.0
20,8.0,3.3923350022789287,0.7397809450282288,10.15319045658076,-30.0,2.0,1,1.0,False,True,1.8782186614179324,2,17.709159380834848,62.803,in_progress,0.0
20,9.0,3.48214677861407,0.7795834564022506,14.997299516109386,-30.0,2.0,1,0.5,False,True,2.3854243539514792,3,17.709159380834848,62.872,in_progress,0.0
20,10.0,3.575242252819891,0.8145642159892038,17.061928414911346,9.999999999999998,2.0,9,0.5,False,True,2.9112707311157995,3,17.709159380834848,62.941,in_progress,0.0
20,11.0,3.665018679307848,0.8501226340062388,18.705402200651314,-20.0,2.0,3,0.5,False,True,3.4182786399984706,4,17.709159380834848,63.011,in_progress,0.0
20,12.0,3.768161417454447,0.8919841882645785,20.0220841203087,20.0,2.0,11,0.1,False,True,4.000792882207165,5,17.709159380834848,63.067,in_progress,0.0
20,13.0,3.86803263448096,0.9297705923930022,20.254881174882826,20.0,1.0,10,0.1,False,True,4.564788944984121,5,17.709159380834848,63.143,in_progress,0.0
20,14.0,3.985307823992455,0.9882324039356785,23.22095091069247,-30.0,2.0,1,0.1,False,True,5.227132054173795,6,17.709159380834848,63.207,in_progress,0.0
20,15.0,4.08923470851903,1.0429351773762912,25.095743620781732,0.0,2.0,7,0.1,False,False,5.814093200607601,7,17.709159380834848,63.27,in_progress,0.0
20,16.0,4.17933635180738,1.0884845896887345,25.73374618932563,9.999999999999998,1.0,8,0.001,False,False,6.322982421130232,7,17.709159380834848,63.34,in_progress,0.0
20,17.0,4.284997141490788,1.1467945267849038,27.095474281480218,-30.0,2.0,1,0.001,False,False,6.919759063128521,8,17.709159380834848,63.403,in_progress,0.0
20,18.0,4.383861276486983,1.206787089614659,28.725627947533276,30.0,1.0,12,0.001,False,False,7.478146389372902,9,17.709159380834848,63.473,in_progress,0.0
20,19.0,4.472300583691339,1.256997102052946,29.00215639406533,-10.000000000000004,1.0,4,0.001,True,False,7.977634102347666,9,17.709159380834848,63.535,off_track,0.0
21,1.0,4.085471897042737,0.6836896384953176,0.05087385763632915,0.0,1.0,6,0.0,False,True,0.7921405358920275,7,17.709159380834848,63.667,prepare,0.0
21,2.0,4.085190493550223,0.683613237488097,0.01993050474265615,-30.0,1.0,0,1.0,False,True,0.7905513581378698,7,17.709159380834848,63.734,in_progress,0.0
21,3.0,4.092360869979869,0.6840331445832719,0.08956052565539685,-20.0,2.0,3,1.0,False,True,0.8310418282998472,7,17.709159380834848,63.806,in_progress,0.0
21,4.0,4.121740771069152,0.685420251293696,0.3789379441071212,-30.0,2.0,1,1.0,False,True,0.9969468941045716,7,17.709159380834848,63.869,in_progress,0.0
21,5.0,4.15582158714135,0.6814080007140983,-0.6481444869781366,-10.000000000000004,1.0,4,1.0,False,True,1.189386263886938,7,17.709159380834848,63.94,in_progress,0.0
21,6.0,4.211309589345827,0.6724237499846555,-2.7019003699233854,-30.0,2.0,1,1.0,False,True,1.5026976954726032,8,17.709159380834848,64.007,in_progress,0.0
21,7.0,4.273090635594029,0.6584621649365954,-5.2459152014553,-30.0,2.0,1,1.0,False,True,1.8515338795892968,8,17.709159380834848,64.069,in_progress,0.0
21,8.0,4.343662337486367,0.6340714483407488,-9.264261947781364,30.0,1.0,12,1.0,False,True,2.2499882898635306,9,17.709159380834848,64.14,in_progress,0.0
21,9.0,4.424071974873063,0.6003880032904134,-13.662180853146909,0.0,1.0,6,0.5,False,True,2.7039785093491533,9,17.709159380834848,64.21,in_progress,0.0
21,10.0,4.487380774835253,0.5743333607137578,-15.967908383922769,-10.000000000000004,1.0,4,0.5,False,True,3.061418008332291,10,17.709159380834848,64.278,in_progress,0.0
21,11.0,4.557013386976007,0.5432442548751881,-18.348759013690234,-10.000000000000004,2.0,5,0.5,False,True,3.454556669073619,10,17.709159380834848,64.331,in_progress,0.0
21,12.0,4.620141606353787,0.5068343682933298,-21.670503022440883,-30.0,2.0,1,0.5,False,True,3.810943739383858,10,17.709159380834848,64.405,in_progress,0.0
21,13.0,4.701649463845059,0.44779252076402354,-27.045611180294063,-30.0,1.0,0,0.1,False,True,4.27107936241667,11,17.709159380834848,64.47,in_progress,0.0
21,14.0,4.760455749727757,0.38998620114247345,-32.86336044419404,9.999999999999998,2.0,9,0.1,False,True,4.602998028426636,11,17.709159380834848,64.535,in_progress,0.0
21,15.0,4.821654519950949,0.31911441658993656,-38.600258663625446,0.0,1.0,6,0.1,False,False,4.948420993935204,12,17.709159380834848,64.609,in_progress,0.0
21,16.0,4.882933312094177,0.23466299460347523,-44.54556539840358,0.0,2.0,7,0.001,False,False,5.294255725462263,12,17.709159380834848,64.668,in_progress,0.0
21,17.0,4.9294816464128095,0.16205463367954231,-48.79790744669164,9.999999999999998,1.0,8,0.001,False,False,5.5569451963407746,12,17.709159380834848,64.735,in_progress,0.0
21,18.0,4.980226187802083,0.08459735767865023,-51.54843127984101,30.0,1.0,12,0.001,False,False,5.843319141253265,13,17.709159380834848,64.801,in_progress,0.0
21,19.0,5.037964804582367,0.0023008846657284754,-52.731838739530914,-20.0,1.0,2,0.001,True,False,6.169317144247263,13,17.709159380834848,64.876,off_track,0.0
22,1.0,4.970866292986193,0.6839057116893805,-0.02352550287161609,-30.0,1.0,0,0.0,False,True,0.7917816675800327,13,17.709159380834848,65.004,prepare,0.0
22,2.0,4.970648403093513,0.6839376398081524,0.022039924478237015,-30.0,1.0,0,1.0,False,True,0.7905513581323145,13,17.709159380834848,65.033,in_progress,0.0
22,3.0,4.975846577388209,0.6851479591726386,0.31053284298306527,-10.000000000000004,1.0,4,1.0,False,True,0.8199070402513164,13,17.709159380834848,65.133,in_progress,0.0
22,4.0,4.998497730307148,0.6830367798317343,-0.29966409403645916,20.0,2.0,11,1.0,False,True,0.9478088214050023,13,17.709159380834848,65.21,in_progress,0.0
22,5.0,5.040756608678302,0.6801272500157315,-0.9888263238427581,-30.0,2.0,1,1.0,False,True,1.1864304467723934,13,17.709159380834848,65.257,in_progress,0.0
22,6.0,5.089427221065498,0.6767295702940879,-1.6184553249686697,-20.0,2.0,3,1.0,False,True,1.4612566608095316,14,17.709159380834848,65.347,in_progress,0.0
22,7.0,5.16621505146152,0.6676609095738403,-3.195338588950453,20.0,2.0,11,1.0,False,True,1.894848407714035,14,17.709159380834848,65.377,in_progress,0.0
22,8.0,5.249692580219083,0.6585271851365355,-4.213001723018348,9.999999999999998,1.0,8,1.0,False,True,2.366213337812853,15,17.709159380834848,65.47,in_progress,0.0
22,9.0,5.3276624952430325,0.6487094663930296,-5.177932527705979,30.0,2.0,13,1.0,False,True,2.806447438149895,15,17.709159380834848,65.534,in_progress,0.0
22,10.0,5.424309000502236,0.6394185311875498,-5.278258668658122,9.999999999999998,2.0,9,1.0,False,True,3.3521668825625155,16,17.709159380834848,65.608,in_progress,0.0
22,11.0,5.537908793157152,0.6347863659675704,-4.125925070612198,-30.0,2.0,1,1.0,False,True,3.9933463584113733,17,17.709159380834848,65.672,in_progress,0.0
22,12.0,5.644795563160333,0.6301429547360428,-3.5491692257057776,20.0,2.0,11,1.0,False,True,4.597422731735168,17,17.709159380834848,65.736,in_progress,0.0
22,13.0,5.772499653948904,0.6225863491871907,-3.431045799200417,20.0,2.0,11,1.0,False,True,5.320051447591015,18,17.709159380834848,65.8,in_progress,0.0
22,14.0,5.938284161723495,0.6235150436811239,-1.3582217674706747,20.0,2.0,11,1.0,False,True,6.257434571236259,19,17.709159380834848,65.866,in_progress,0.0
22,15.0,6.022019203985152,0.6298987477899758,0.44882808393160084,0.0,1.0,6,1.0,False,True,6.7299510896898065,20,17.709159380834848,65.939,in_progress,0.0
22,16.0,6.1425207563502475,0.6412965343058937,2.4950607203758453,9.999999999999998,2.0,9,1.0,False,True,7.401827053309992,21,17.709159380834848,66.005,in_progress,0.0
22,17.0,6.2728419070008785,0.6594525925811973,4.985157238990039,-30.0,2.0,1,1.0,False,True,8.13032905066037,21,17.709159380834848,66.064,in_progress,0.0
22,18.0,6.390579928679344,0.6774922197124942,6.441962371982337,30.0,2.0,13,1.0,False,True,8.793835007895295,22,17.709159380834848,66.121,in_progress,0.0
22,19.0,6.508078063791043,0.6966394913685443,7.6341491646299655,20.0,1.0,10,1.0,False,True,9.451677887144005,23,17.709159380834848,66.206,in_progress,0.0
22,20.0,6.634061948274858,0.7273094157018803,10.470955926305097,9.999999999999998,2.0,9,1.0,False,True,10.1685619099095,24,17.709159380834848,66.267,in_progress,0.0
22,21.0,6.729002110541659,0.7567443975926006,12.945372113742925,9.999999999999998,2.0,9,1.0,False,True,10.685710769336696,24,17.709159380834848,66.333,in_progress,0.0
22,22.0,6.839201266490164,0.7940037479981332,15.318148788607715,-10.000000000000004,1.0,4,1.0,False,True,11.292217192626019,25,17.709159380834848,66.395,in_progress,0.0
22,23.0,6.9680221158137785,0.8399939734774702,17.36462584893145,-20.0,1.0,2,0.5,False,True,11.990967241130793,26,17.709159380834848,66.456,in_progress,0.0
22,24.0,7.051538635295639,0.8640394126076077,17.05330367770248,9.999999999999998,1.0,8,0.5,False,True,12.402213430703588,26,17.709159380834848,66.533,in_progress,0.0
22,25.0,7.138008841306386,0.8875666367333708,16.48113496248475,9.999999999999998,1.0,8,0.5,False,True,12.835294541498369,27,17.709159380834848,66.604,in_progress,0.0
22,26.0,7.229774141506375,0.9191543531883729,17.371383950966802,0.0,2.0,7,0.1,False,True,13.094344216774722,27,17.709159380834848,66.667,in_progress,0.0
22,27.0,7.3046576208540825,0.9419541244259133,17.197786344849373,-30.0,2.0,1,0.1,False,True,13.450313403863415,28,17.709159380834848,66.739,in_progress,0.0
22,28.0,7.401039861840939,0.9635215510425352,15.444427576023775,30.0,1.0,12,0.1,False,True,13.68277793509988,28,17.709159380834848,66.804,in_progress,0.0
22,29.0,7.513091726570239,0.9837043493287969,13.232527020203682,0.0,1.0,6,0.001,False,False,14.014452899682226,28,17.709159380834848,66.848,in_progress,0.0
22,30.0,7.595830941582545,0.9989783762558508,12.388387097202232,-30.0,1.0,0,0.001,False,False,14.316701356670197,29,17.709159380834848,66.944,in_progress,0.0
22,31.0,7.686254423190475,1.0133538256273193,11.17805235048598,9.999999999999998,2.0,9,0.001,False,False,14.528594659862378,29,17.709159380834848,67.015,in_progress,0.0
22,32.0,7.780054763134621,1.018917341085292,8.401863882934752,9.999999999999998,2.0,9,0.001,True,False,14.528594659862378,29,17.709159380834848,67.071,off_track,0.0
23,1.0,5.856367609516251,0.6841615222815969,-0.055774678271049684,30.0,1.0,12,0.0,False,True,0.7920248733979923,19,17.709159380834848,67.206,prepare,0.0
23,2.0,5.856106164210958,0.6842554637200186,-0.018571698924776513,-30.0,1.0,0,1.0,False,True,0.7905461097582528,19,17.709159380834848,67.267,in_progress,0.0
23,3.0,5.862011425323459,0.6861268704587538,0.4651554687729713,20.0,2.0,11,1.0,False,True,0.8238427237736351,19,17.709159380834848,67.337,in_progress,0.0
23,4.0,5.883479071057826,0.6851588760716666,0.1604625591081656,9.999999999999998,2.0,9,1.0,False,True,0.9450900912946647,19,17.709159380834848,67.405,in_progress,0.0
23,5.0,5.926804587591866,0.6827739186330491,-0.5068380843665636,30.0,1.0,12,1.0,False,True,1.1898144622490365,19,17.709159380834848,67.466,in_progress,0.0
23,6.0,5.970476166660827,0.6832853687806459,-0.32684506253044077,20.0,2.0,11,1.0,False,True,1.4363861414467243,19,17.709159380834848,67.533,in_progress,0.0
23,7.0,6.029860284177688,0.6855395367862758,0.22428870342790555,9.999999999999998,1.0,8,1.0,False,True,1.771597874113398,20,17.709159380834848,67.593,in_progress,0.0
23,8.0,6.108643798639912,0.6878613761268562,0.6944802528889686,-10.000000000000004,2.0,5,1.0,False,True,2.2173169961543198,20,17.709159380834848,67.678,in_progress,0.0
23,9.0,6.18913903528514,0.689930418559178,0.8853916434343695,30.0,2.0,13,1.0,False,True,2.6720072563688717,21,17.709159380834848,67.741,in_progress,0.0
23,10.0,6.280350486624209,0.6924964498464539,1.1143085124156722,-20.0,2.0,3,1.0,False,True,3.1879837141547824,22,17.709159380834848,67.809,in_progress,0.0
23,11.0,6.386328859768481,0.6977012862386406,1.671483287459483,9.999999999999998,2.0,9,1.0,False,True,3.7855053110640133,22,17.709159380834848,67.853,in_progress,0.0
23,12.0,6.496223761756519,0.6982191326291007,1.0641201640015527,9.999999999999998,1.0,8,1.0,False,True,4.400738655704969,23,17.709159380834848,67.933,in_progress,0.0
23,13.0,6.604874935184269,0.705050560112468,2.0577700548708893,-30.0,1.0,0,1.0,False,True,4.971449694008304,24,17.709159380834848,68.0,in_progress,0.0
23,14.0,6.710149505705535,0.7103674718527981,2.357546867514123,30.0,1.0,12,0.5,False,True,5.465371614494025,24,17.709159380834848,68.073,in_progress,0.0
23,15.0,6.798298732443923,0.7156341164418437,2.7581949938321606,9.999999999999998,1.0,8,0.5,False,True,5.914815545403462,25,17.709159380834848,68.136,in_progress,0.0
23,16.0,6.868635598608798,0.7215010399552564,3.3036011951349815,-20.0,1.0,2,0.5,False,True,6.19723003476852,25,17.709159380834848,68.21,in_progress,0.0
23,17.0,6.958688283558187,0.7242677515220599,2.7399577155635235,0.0,2.0,7,0.1,False,True,6.625107713563147,26,17.709159380834848,68.273,in_progress,0.0
23,18.0,7.04028534949886,0.7252257352540122,2.0772790451502656,30.0,2.0,13,0.1,False,True,6.990967241130791,26,17.709159380834848,68.335,in_progress,0.0
23,19.0,7.123790261553842,0.7284459952981406,2.0926834577125764,20.0,1.0,10,0.1,False,True,7.196942926446065,26,17.709159380834848,68.405,in_progress,0.0
23,20.0,7.224975822758985,0.7389571001478521,3.4120011094947835,30.0,1.0,12,0.1,False,False,7.662819343841898,27,17.709159380834848,68.476,in_progress,0.0
23,21.0,7.30913370863711,0.7558013457418623,6.016587146633746,30.0,1.0,12,0.001,False,False,7.835294541498366,27,17.709159380834848,68.537,in_progress,0.0
23,22.0,7.378703206038017,0.7755855758186051,8.901837694064731,-20.0,2.0,3,0.001,False,False,7.947092644077303,27,17.709159380834848,68.613,in_progress,0.0
23,23.0,7.474841659955862,0.8121400042064283,13.407657799644985,-20.0,1.0,2,0.001,False,False,8.437071074679537,28,17.709159380834848,68.676,in_progress,0.0
23,24.0,7.557818596201019,0.8418665156137322,15.536987603637392,0.0,1.0,6,0.001,False,False,8.682777935099878,28,17.709159380834848,68.732,in_progress,0.0
23,25.0,7.6300854288433575,0.8711231016351002,17.502764188559127,-10.000000000000004,2.0,5,0.001,True,False,8.779457063126744,28,17.709159380834848,68.811,off_track,0.0
24,1.0,6.726364492679967,0.7973388543170735,19.34341856211164,30.0,1.0,12,0.0,False,True,0.7841296588971036,25,17.709159380834848,68.934,prepare,0.0
24,2.0,6.726303142762242,0.7973552991499262,19.346081027899743,20.0,2.0,11,1.0,False,True,0.7838720600263999,25,17.709159380834848,69.004,in_progress,0.0
24,3.0,6.7352993424935805,0.8008760071142811,19.53590554104591,0.0,2.0,7,1.0,False,True,0.8379298542943031,25,17.709159380834848,69.071,in_progress,0.0
24,4.0,6.754621758008016,0.8101814359431223,20.068444202941553,9.999999999999998,1.0,8,1.0,False,True,0.9588234970181075,25,17.709159380834848,69.129,in_progress,0.0
24,5.0,6.791480650214943,0.8278248067141869,20.938314247169018,-30.0,2.0,1,1.0,False,True,1.1783666220064464,25,17.709159380834848,69.21,in_progress,0.0
24,6.0,6.8414026766309926,0.8513915675298932,21.920460224018065,30.0,1.0,12,1.0,False,True,1.4860542784844666,25,17.709159380834848,69.27,in_progress,0.0
24,7.0,6.891551188645375,0.8746953835395113,22.52880995395982,0.0,2.0,7,1.0,False,True,1.7939545946679263,26,17.709159380834848,69.331,in_progress,0.0
24,8.0,6.9583884228199855,0.9082284092845793,23.707700889921504,9.999999999999998,2.0,9,1.0,False,True,2.1758211988028076,26,17.709159380834848,69.387,in_progress,0.0
24,9.0,7.037939677703192,0.9535721803109347,25.761952418690974,9.999999999999998,2.0,9,1.0,False,True,2.681478721934169,27,17.709159380834848,69.467,in_progress,0.0
24,10.0,7.1130456293050495,1.0029897540921628,28.32547497948737,-20.0,1.0,2,0.5,False,True,3.079870669578058,27,17.709159380834848,69.55,in_progress,0.0
24,11.0,7.203566017511257,1.0608267807958718,30.041207751402816,-10.000000000000004,1.0,4,0.5,False,True,3.64723234667432,28,17.709159380834848,69.605,in_progress,0.0
24,12.0,7.2722390058958295,1.107063129743661,31.290366993621628,-10.000000000000004,1.0,4,0.5,False,True,3.963065372211014,28,17.709159380834848,69.678,in_progress,0.0
24,13.0,7.342280842147769,1.1566663255434617,32.610821886803706,9.999999999999998,2.0,9,0.1,False,True,4.399967899822582,29,17.709159380834848,69.737,in_progress,0.0
24,14.0,7.40906607847785,1.2032246052063753,33.31439070633954,30.0,1.0,12,0.1,False,True,4.654043129478424,29,17.709159380834848,69.814,in_progress,0.0
24,15.0,7.485823555166412,1.2693956308590217,36.118843094696736,20.0,2.0,11,0.1,False,True,5.164982228401521,30,17.709159380834848,69.865,in_progress,0.0
24,16.0,7.54970968819673,1.3321195287486358,38.96068249591505,-20.0,1.0,2,0.1,False,True,5.412597349663617,30,17.709159380834848,69.934,in_progress,0.0
24,17.0,7.610451544427341,1.3959216622991337,41.48466708648252,9.999999999999998,2.0,9,0.1,False,False,5.852516199664981,31,17.709159380834848,70.011,in_progress,0.0
24,18.0,7.679062016907425,1.4706119252980063,43.702297968376286,9.999999999999998,2.0,9,0.001,False,False,6.257421204346953,31,17.709159380834848,70.071,in_progress,0.0
24,19.0,7.740606508450538,1.545079359438206,46.19408582432692,-30.0,1.0,0,0.001,False,False,6.339150585204512,31,17.709159380834848,70.138,in_progress,0.0
24,20.0,7.8071038490843385,1.6247373931991584,47.70670433680627,30.0,1.0,12,0.001,False,False,6.815922933244267,32,17.709159380834848,70.203,in_progress,0.0
24,21.0,7.869165461070801,1.6989190079256304,48.61102228548822,9.999999999999998,2.0,9,0.001,True,False,7.10348401025947,32,17.709159380834848,70.271,off_track,0.0
25,1.0,7.258013251779661,1.4837937345299528,67.52036552170763,-20.0,1.0,2,0.0,False,True,0.7893058945158016,30,17.709159380834848,70.41,prepare,0.0
25,2.0,7.25788400290605,1.483549489981355,67.53121412213466,20.0,1.0,10,1.0,False,True,0.7877802774377385,30,17.709159380834848,70.482,in_progress,0.0
25,3.0,7.260123391559494,1.490412873406956,67.6978135103722,-30.0,1.0,0,1.0,False,True,0.8285142322179861,31,17.709159380834848,70.537,in_progress,0.0
25,4.0,7.267729082671863,1.5083763887100257,67.60125799192872,-20.0,2.0,3,1.0,False,True,0.9378037245129256,31,17.709159380834848,70.609,in_progress,0.0
25,5.0,7.282960247821084,1.5468481347407386,67.71928113075941,-30.0,2.0,1,1.0,False,True,1.1702419650439166,31,17.709159380834848,70.677,in_progress,0.0
25,6.0,7.308652160758597,1.5978847877692166,66.64108889093302,-20.0,2.0,3,1.0,False,True,1.4530917377564678,31,17.709159380834848,70.746,in_progress,0.0
25,7.0,7.343101652733582,1.660322900470531,65.07892830868536,-20.0,2.0,3,1.0,False,True,1.8192953010166324,32,17.709159380834848,70.811,in_progress,0.0
25,8.0,7.386422300681576,1.7259975615286252,62.48832650133173,30.0,2.0,13,0.5,False,True,2.103484010259471,32,17.709159380834848,70.871,in_progress,0.0
25,9.0,7.433000271153144,1.7968044529769573,60.579099361115425,-10.000000000000004,1.0,4,0.5,False,True,2.4593502529033695,32,17.709159380834848,70.934,in_progress,0.0
25,10.0,7.491630803590523,1.8848215766937328,58.98544384438176,-30.0,1.0,0,0.1,False,True,2.9130377256658733,33,17.709159380834848,71.002,in_progress,0.0
25,11.0,7.551657939885402,1.9641626872376208,56.7462366354988,-20.0,1.0,2,0.1,False,True,3.1611633489215976,33,17.709159380834848,71.072,in_progress,0.0
25,12.0,7.602222674991131,2.018304532772333,53.90791699325019,-10.000000000000004,2.0,5,0.1,False,True,3.399678279025392,34,17.709159380834848,71.137,in_progress,0.0
25,13.0,7.678336038014126,2.091410844293967,50.022834416039046,9.999999999999998,2.0,9,0.001,False,False,3.712390502109347,34,17.709159380834848,71.207,in_progress,0.0
25,14.0,7.7489741540949675,2.157989485093226,47.51849628748362,-30.0,2.0,1,0.001,False,False,3.7971392823541725,34,17.709159380834848,71.267,in_progress,0.0
25,15.0,7.838356412909183,2.2311179762055837,43.9784064269904,-30.0,1.0,0,0.001,True,False,3.8586166376385456,34,17.709159380834848,71.335,off_track,0.0
26,1.0,7.0901979460557705,2.332234461581079,117.91151541590618,20.0,1.0,10,0.0,False,True,0.7877438245664947,36,17.709159380834848,71.472,prepare,0.0
26,2.0,7.090189558990955,2.3320076142132065,117.93516785692157,-20.0,2.0,3,1.0,False,True,0.7867530802034894,36,17.709159380834848,71.536,in_progress,0.0
26,3.0,7.086072656793515,2.3425440910247013,117.68197461370002,-10.000000000000004,1.0,4,1.0,False,True,0.8481794397547149,36,17.709159380834848,71.601,in_progress,0.0
26,4.0,7.076846261084572,2.3748875078204303,116.0681223850066,-20.0,2.0,3,1.0,False,True,1.0250740732704766,37,17.709159380834848,71.664,in_progress,0.0
26,5.0,7.069355138610162,2.4027935719745956,114.7351698244123,-30.0,1.0,0,1.0,False,True,1.1760944521692518,37,17.709159380834848,71.738,in_progress,0.0
26,6.0,7.062359218344258,2.459114254691879,110.87953381194573,20.0,1.0,10,1.0,False,True,1.405117019498009,37,17.709159380834848,71.809,in_progress,0.0
26,7.0,7.05569805489175,2.520654041963148,107.36624330270608,-10.000000000000004,1.0,4,0.5,False,True,1.677954243231905,37,17.709159380834848,71.869,in_progress,0.0
26,8.0,7.05110113904717,2.58421819547627,104.03568910424293,0.0,2.0,7,0.5,False,True,1.950670913178687,38,17.709159380834848,71.926,in_progress,0.0
26,9.0,7.0483181963529455,2.6748424776562705,99.86172673938547,30.0,1.0,12,0.1,False,True,2.1967686664648935,38,17.709159380834848,72.012,in_progress,0.0
26,10.0,7.0442596019480215,2.7446400683472088,98.0379031804873,-30.0,2.0,1,0.1,False,True,2.4312824892747384,38,17.709159380834848,72.074,in_progress,0.0
26,11.0,7.04020554546036,2.827803111887595,96.35097280690584,-30.0,1.0,0,0.1,False,True,2.736604650068164,39,17.709159380834848,72.132,in_progress,0.0
26,12.0,7.042475738097,2.9111809621140288,93.86380553394069,9.999999999999998,1.0,8,0.001,False,False,3.0144147194515245,39,17.709159380834848,72.212,in_progress,0.0
26,13.0,7.049990720564022,3.009991142371488,90.85455849979054,0.0,2.0,7,0.001,False,False,3.0485796725091108,39,17.709159380834848,72.269,in_progress,0.0
26,14.0,7.058123317648232,3.079247116032301,88.77162625944105,20.0,2.0,11,0.001,False,False,3.064933302423234,39,17.709159380834848,72.337,in_progress,0.0
26,15.0,7.068927310351381,3.165622366518299,86.7947165453113,20.0,2.0,11,0.001,True,False,3.2483561648919137,39,17.709159380834848,72.407,off_track,0.0
27,1.0,6.344152497910808,2.767038008219061,168.41419955075708,-30.0,1.0,0,0.0,False,True,0.790380569670851,42,17.709159380834848,72.524,prepare,0.0
27,2.0,6.344454764550573,2.7670733291928635,168.391525662755,-30.0,2.0,1,1.0,False,True,0.7886914472193474,42,17.709159380834848,72.621,in_progress,0.0
27,3.0,6.3371210877315205,2.767368899699483,168.71856429157813,-20.0,1.0,2,1.0,False,True,0.8301201135101299,42,17.709159380834848,72.676,in_progress,0.0
27,4.0,6.316168197540934,2.774091254954168,168.1036628838543,-30.0,2.0,1,1.0,False,True,0.9507632646806818,42,17.709159380834848,72.742,in_progress,0.0
27,5.0,6.282729354349948,2.785236910432223,167.1335263776768,-20.0,2.0,3,1.0,False,True,1.143460176216149,43,17.709159380834848,72.809,in_progress,0.0
27,6.0,6.229789750940456,2.8075009102490363,164.85166430543296,20.0,2.0,11,1.0,False,True,1.4404751096409874,43,17.709159380834848,72.869,in_progress,0.0
27,7.0,6.178731315509193,2.8285254829610396,163.23943707487027,30.0,1.0,12,1.0,False,True,1.7313430699195498,43,17.709159380834848,72.936,in_progress,0.0
27,8.0,6.110884458094125,2.8519768067559412,162.6063807169955,-30.0,1.0,0,0.5,False,True,2.1172913082871614,44,17.709159380834848,73.012,in_progress,0.0
27,9.0,6.039124344955326,2.8754516095924005,162.40916644403865,-10.000000000000004,1.0,4,0.5,False,True,2.5078440248485934,44,17.709159380834848,73.075,in_progress,0.0
27,10.0,5.971383168894562,2.8997694824049223,161.79074212243123,0.0,1.0,6,0.5,False,True,2.8892061097011643,45,17.709159380834848,73.12,in_progress,0.0
27,11.0,5.9086023534923156,2.923482198997258,161.17563161041568,20.0,1.0,10,0.5,False,True,3.242203478079553,45,17.709159380834848,73.208,in_progress,0.0
27,12.0,5.838637498637207,2.9449605430687296,161.69088657585314,0.0,1.0,6,0.5,False,True,3.6361995561459306,46,17.709159380834848,73.248,in_progress,0.0
27,13.0,5.77465055474552,2.961048611856438,162.764737746946,0.0,1.0,6,0.5,False,True,3.997592570325059,46,17.709159380834848,73.336,in_progress,0.0
27,14.0,5.713004165156735,2.9780177705058986,163.22318268902106,-20.0,2.0,3,0.1,False,True,4.344922808603835,46,17.709159380834848,73.406,in_progress,0.0
27,15.0,5.6312504133817916,3.004748485881955,162.73422613539938,20.0,2.0,11,0.1,False,True,4.805352533191548,47,17.709159380834848,73.47,in_progress,0.0
27,16.0,5.551397782825471,3.0310487727491475,162.3671988873204,-10.000000000000004,1.0,4,0.1,False,True,5.261349399486975,48,17.709159380834848,73.536,in_progress,0.0
27,17.0,5.4718677883403375,3.0570039957299104,162.21398122331243,-30.0,2.0,1,0.1,False,True,5.709518304707983,48,17.709159380834848,73.605,in_progress,0.0
27,18.0,5.373970893560918,3.0960227269464555,160.58774933873286,20.0,1.0,10,0.1,False,False,6.261448182811352,49,17.709159380834848,73.671,in_progress,0.0
27,19.0,5.294647781059806,3.133743543291857,158.53013751064583,20.0,1.0,10,0.1,False,False,6.674038527509834,49,17.709159380834848,73.727,in_progress,0.0
27,20.0,5.199451224521132,3.1746192357066927,157.8648646411475,9.999999999999998,2.0,9,0.001,False,False,7.2067140489484816,50,17.709159380834848,73.8,in_progress,0.0
27,21.0,5.125249693605669,3.2057006344329877,157.62702105943825,9.999999999999998,1.0,8,0.001,False,False,7.685983579848865,50,17.709159380834848,73.879,in_progress,0.0
27,22.0,5.041445682188648,3.239202246471648,157.82374175949445,-30.0,1.0,0,0.001,False,False,8.477070705524248,51,17.709159380834848,73.934,in_progress,0.0
27,23.0,4.970266792577907,3.2717964039160683,157.05759453060378,20.0,2.0,11,0.001,False,False,9.234092189495547,52,17.709159380834848,74.007,in_progress,0.0
27,24.0,4.88832417320749,3.310873511072355,156.17011845615687,30.0,2.0,13,0.001,True,False,10.17109270983062,53,17.709159380834848,74.071,off_track,0.0
28,1.0,5.458536514832474,2.768918967598866,-179.78018672938734,0.0,2.0,7,0.0,False,True,0.791216822224361,48,17.709159380834848,74.203,prepare,0.0
28,2.0,5.458654170979467,2.768967980580661,-179.78701077530303,0.0,1.0,6,1.0,False,True,0.7905513549263499,48,17.709159380834848,74.266,in_progress,0.0
28,3.0,5.450818384664397,2.7689816266467115,-179.83316747957778,-20.0,1.0,2,1.0,False,True,0.8347977884687663,48,17.709159380834848,74.334,in_progress,0.0
28,4.0,5.429007800120245,2.7681424917614623,-179.61583986457038,9.999999999999998,1.0,8,1.0,False,True,0.9579754387063044,48,17.709159380834848,74.407,in_progress,0.0
28,5.0,5.391186907775114,2.7662221357307404,-179.22715037052825,20.0,1.0,10,1.0,False,True,1.171583413156163,49,17.709159380834848,74.469,in_progress,0.0
28,6.0,5.347185550968939,2.760911404762758,-178.1229741532021,-20.0,2.0,3,1.0,False,True,1.4201664905239275,49,17.709159380834848,74.54,in_progress,0.0
28,7.0,5.288297806153694,2.7530165954786447,-176.78851219159932,-10.000000000000004,1.0,4,1.0,False,True,1.7542738947353365,49,17.709159380834848,74.625,in_progress,0.0
28,8.0,5.216146616975977,2.7438910333707196,-175.7022958950499,-30.0,1.0,0,1.0,False,True,2.162673936929088,50,17.709159380834848,74.67,in_progress,0.0
28,9.0,5.161945613141572,2.740782797346719,-175.94139113876668,9.999999999999998,2.0,9,1.0,False,True,2.4654862019646173,50,17.709159380834848,74.73,in_progress,0.0
28,10.0,5.0841396726348345,2.734898305388041,-175.84303969781575,9.999999999999998,1.0,8,1.0,False,True,2.904666646477799,51,17.709159380834848,74.805,in_progress,0.0
28,11.0,5.002932420483986,2.7266753883838324,-175.30177659667166,30.0,2.0,13,1.0,False,True,3.3353848173791723,51,17.709159380834848,74.872,in_progress,0.0
28,12.0,4.929944413864653,2.714383294441295,-173.871527663912,20.0,1.0,10,1.0,False,True,3.735802763152485,52,17.709159380834848,74.939,in_progress,0.0
28,13.0,4.838758808641339,2.6898314438134374,-170.68779549162056,30.0,1.0,12,0.5,False,True,4.161083497841789,52,17.709159380834848,75.009,in_progress,0.0
28,14.0,4.765887151460297,2.6629880776902146,-167.45439626468624,-30.0,1.0,0,0.5,False,True,4.523788644150556,53,17.709159380834848,75.069,in_progress,0.0
28,15.0,4.70369735466424,2.634258361490784,-164.17950076012494,-30.0,2.0,1,0.5,False,True,4.825388465244668,53,17.709159380834848,75.128,in_progress,0.0
28,16.0,4.625660725529966,2.6011890307600916,-161.9745141944284,-30.0,1.0,0,0.1,False,True,5.001705197631634,53,17.709159380834848,75.218,in_progress,0.0
28,17.0,4.539401496707001,2.573006465328716,-161.92760839072253,-10.000000000000004,1.0,4,0.1,False,True,5.390337835901188,54,17.709159380834848,75.27,in_progress,0.0
28,18.0,4.475817397719792,2.5529061503757653,-162.1005620312322,30.0,1.0,12,0.1,False,True,5.678271027418591,54,17.709159380834848,75.333,in_progress,0.0
28,19.0,4.40426328322175,2.529783719106346,-162.09761315552436,-10.000000000000004,1.0,4,0.001,False,False,5.75689951541073,54,17.709159380834848,75.412,in_progress,0.0
28,20.0,4.334545336600774,2.50613510315988,-161.89168176674465,30.0,1.0,12,0.001,False,False,5.869380008736991,54,17.709159380834848,75.467,in_progress,0.0
28,21.0,4.275887300550398,2.482488846568891,-160.9370638368766,0.0,1.0,6,0.001,False,False,6.076641895951923,54,17.709159380834848,75.531,in_progress,0.0
28,22.0,4.2109706019532505,2.4548286519618383,-159.86873284289575,9.999999999999998,2.0,9,0.001,False,False,6.301485966252568,55,17.709159380834848,75.611,in_progress,0.0
28,23.0,4.133207513128567,2.4164895214190745,-157.82356634246736,-30.0,2.0,1,0.001,True,False,6.555001728856458,55,17.709159380834848,75.675,off_track,0.0
29,1.0,4.590627277237811,2.881441520017601,157.4257845359085,0.0,2.0,7,0.0,False,True,0.7915872394348711,54,17.709159380834848,75.809,prepare,0.0
29,2.0,4.59085240864362,2.8812854302833135,157.41801493397801,9.999999999999998,2.0,9,1.0,False,True,0.7900414090570074,54,17.709159380834848,75.868,in_progress,0.0
29,3.0,4.58545439303477,2.8832219526717378,157.5144024837823,30.0,2.0,13,1.0,False,True,0.8216160153352192,54,17.709159380834848,75.939,in_progress,0.0
29,4.0,4.565536099141515,2.8887971138271507,158.0551565104745,0.0,1.0,6,1.0,False,True,0.9333501965286872,54,17.709159380834848,76.009,in_progress,0.0
29,5.0,4.5253328305043095,2.902146624005712,158.58198472056105,-10.000000000000004,1.0,4,1.0,False,True,1.1652485514761612,54,17.709159380834848,76.071,in_progress,0.0
29,6.0,4.489397734410601,2.91500918304028,158.82104072440112,9.999999999999998,1.0,8,1.0,False,True,1.3753553544648134,55,17.709159380834848,76.141,in_progress,0.0
29,7.0,4.438643717413569,2.931644149949957,159.4837092157778,-10.000000000000004,1.0,4,1.0,False,True,1.628827544446465,55,17.709159380834848,76.207,in_progress,0.0
29,8.0,4.379915277980508,2.9518954163108577,159.79846883792624,20.0,1.0,10,1.0,False,True,1.9517005544841648,55,17.709159380834848,76.261,in_progress,0.0
29,9.0,4.322479859459306,2.9702729345342034,160.39200426618964,0.0,1.0,6,0.5,False,True,2.2620656897854916,56,17.709159380834848,76.338,in_progress,0.0
29,10.0,4.256063664048799,2.98823059320984,161.58836118278344,9.999999999999998,2.0,9,0.5,False,True,2.5502848927102195,56,17.709159380834848,76.408,in_progress,0.0
29,11.0,4.156412958262939,3.013373284159778,163.18862317582924,0.0,1.0,6,0.5,False,True,3.038821009869397,57,17.709159380834848,76.475,in_progress,0.0
29,12.0,4.0854601423705486,3.028815378027426,164.4032857856785,30.0,1.0,12,0.1,False,True,3.300714181781572,57,17.709159380834848,76.541,in_progress,0.0
29,13.0,3.9963889697753365,3.043008496329071,166.66996739235552,30.0,1.0,12,0.1,False,True,3.6793174633425965,57,17.709159380834848,76.624,in_progress,0.0
29,14.0,3.9190441726016227,3.046205492445386,169.97479364003965,0.0,1.0,6,0.1,False,True,3.9712641841598284,58,17.709159380834848,76.669,in_progress,0.0
29,15.0,3.850941107827515,3.04219941771855,173.63984275314584,20.0,1.0,10,0.001,False,False,4.16689482546394,58,17.709159380834848,76.746,in_progress,0.0
29,16.0,3.7616494006992838,3.0311930393889517,178.21659827094751,-10.000000000000004,1.0,4,0.001,False,False,4.433789696203217,58,17.709159380834848,76.808,in_progress,0.0
29,17.0,3.696964894580654,3.0210272200256636,-179.06097281478822,-30.0,2.0,1,0.001,False,False,4.617473041609321,59,17.709159380834848,76.853,in_progress,0.0
29,18.0,3.624869010089537,3.0108203370382634,-177.08258365847365,9.999999999999998,2.0,9,0.001,False,False,4.8271531175061835,59,17.709159380834848,76.934,in_progress,0.0
29,19.0,3.533171596494971,2.999825785093422,-175.73567710009408,20.0,1.0,10,0.001,True,False,5.137386852863446,59,17.709159380834848,77.003,off_track,0.0
30,1.0,3.9770677709783735,3.512131515335499,129.2187368884652,-30.0,1.0,0,0.0,False,True,0.7918452066632553,60,17.709159380834848,77.134,prepare,0.0
30,2.0,3.9772551891196497,3.5119887562299907,129.247532870511,30.0,1.0,12,1.0,False,True,0.7905513581379253,60,17.709159380834848,77.206,in_progress,0.0
30,3.0,3.9710451914912235,3.517965404762189,129.48743811385555,20.0,2.0,11,1.0,False,True,0.8388666824654223,60,17.709159380834848,77.275,in_progress,0.0
30,4.0,3.9495783643881777,3.5367245732486667,130.60506848665904,9.999999999999998,2.0,9,1.0,False,True,0.9975635337428845,60,17.709159380834848,77.336,in_progress,0.0
30,5.0,3.921919327188798,3.5612507160792983,131.73408428356137,-30.0,1.0,0,1.0,False,True,1.2035945217138688,60,17.709159380834848,77.404,in_progress,0.0
30,6.0,3.8783961267485876,3.5997703406064128,133.250941400876,0.0,2.0,7,1.0,False,True,1.527474095086323,61,17.709159380834848,77.461,in_progress,0.0
30,7.0,3.832986851325587,3.646358457977905,133.48945321590907,-30.0,1.0,0,1.0,False,True,1.893334412054548,61,17.709159380834848,77.534,in_progress,0.0
30,8.0,3.7846421903466587,3.695982901632268,133.6560944037649,-30.0,1.0,0,1.0,False,True,2.2830056562772705,62,17.709159380834848,77.606,in_progress,0.0
30,9.0,3.7347277825682315,3.754235273126802,132.75990913084772,30.0,1.0,12,1.0,False,True,2.7161098746881662,62,17.709159380834848,77.68,in_progress,0.0
30,10.0,3.6908257131358315,3.8087884707949384,131.67361622816202,0.0,1.0,6,1.0,False,True,3.1115168142989313,63,17.709159380834848,77.739,in_progress,0.0
30,11.0,3.6408202582484517,3.865121781049231,131.67907364705576,0.0,1.0,6,1.0,False,True,3.536637176004731,63,17.709159380834848,77.805,in_progress,0.0
30,12.0,3.5981462640294444,3.916595294176435,131.11214015037717,-30.0,1.0,0,1.0,False,True,3.9141848392578393,64,17.709159380834848,77.867,in_progress,0.0
30,13.0,3.563095030200244,3.9631100824947207,130.16661199373138,9.999999999999998,1.0,8,1.0,False,True,4.242142484840694,64,17.709159380834848,77.934,in_progress,0.0
30,14.0,3.521599080107819,4.0194470659500565,129.1975178686558,0.0,1.0,6,1.0,False,True,4.6368235752750735,64,17.709159380834848,78.01,in_progress,0.0
30,15.0,3.4805761958080694,4.0751743993903045,128.40893198940657,0.0,1.0,6,1.0,False,True,5.02714822555812,65,17.709159380834848,78.082,in_progress,0.0
30,16.0,3.4402886148400524,4.13590099001099,127.0290156618148,30.0,1.0,12,1.0,False,True,5.436597705210122,65,17.709159380834848,78.133,in_progress,0.0
30,17.0,3.4038829943215774,4.184771784937185,126.95758985872972,30.0,1.0,12,1.0,False,True,5.780447784354137,66,17.709159380834848,78.196,in_progress,0.0
30,18.0,3.3530691617471264,4.2406796804615094,128.523552304229,30.0,1.0,12,1.0,False,True,6.222725145245212,66,17.709159380834848,78.269,in_progress,0.0
30,19.0,3.3076912777535794,4.28376161759116,130.47380333395594,20.0,1.0,10,1.0,False,True,6.576048688985059,67,17.709159380834848,78.338,in_progress,0.0
30,20.0,3.2468877780051777,4.337274323418054,132.9734295275791,-10.000000000000004,2.0,5,1.0,False,True,7.049887398462551,67,17.709159380834848,78.402,in_progress,0.0
30,21.0,3.1943867458512187,4.379665742015727,135.11042109887663,-10.000000000000004,2.0,5,1.0,False,True,7.4281208484459516,68,17.709159380834848,78.47,in_progress,0.0
30,22.0,3.128446030280777,4.437282845174996,136.25346126133428,-10.000000000000004,2.0,5,1.0,False,True,7.907465330136343,68,17.709159380834848,78.532,in_progress,0.0
30,23.0,3.0513761636086545,4.504512112238526,137.14690318602555,20.0,2.0,11,1.0,False,True,8.422521038273423,69,17.709159380834848,78.607,in_progress,0.0
30,24.0,2.953734511182607,4.58782895405661,138.24386939111622,30.0,2.0,13,0.5,False,True,9.03205198481677,70,17.709159380834848,78.675,in_progress,0.0
30,25.0,2.860006728805811,4.6553006358360225,140.7106621845254,9.999999999999998,1.0,8,0.5,False,True,9.48037828438817,70,17.709159380834848,78.735,in_progress,0.0
30,26.0,2.7735662456506405,4.705120642212579,144.28727358681152,20.0,2.0,11,0.1,False,True,9.959467594197434,71,17.709159380834848,78.798,in_progress,0.0
30,27.0,2.6648404591941404,4.759940552340671,148.17351393985325,-30.0,1.0,0,0.1,False,True,10.578317577862183,72,17.709159380834848,78.869,in_progress,0.0
30,28.0,2.5554042776914745,4.801573584220325,153.07961588299503,30.0,1.0,12,0.1,False,True,11.175851105650425,72,17.709159380834848,78.941,in_progress,0.0
30,29.0,2.459249844267042,4.831560081631241,156.73299414320974,30.0,1.0,12,0.1,False,False,11.719150478052399,73,17.709159380834848,79.008,in_progress,0.0
30,30.0,2.368409859071248,4.8516616266545025,160.59522446047475,0.0,1.0,6,0.1,False,False,12.154829929312772,73,17.709159380834848,79.08,in_progress,0.0
30,31.0,2.2854530090043816,4.859502864543424,165.03729444585716,-20.0,1.0,2,0.1,False,False,12.621328852933134,74,17.709159380834848,79.143,in_progress,0.0
30,32.0,2.20139464199236,4.865838423190188,168.54795667032013,0.0,2.0,7,0.1,False,False,13.101370882298436,75,17.709159380834848,79.208,in_progress,0.0
30,33.0,2.121359013995693,4.87314957455678,170.4638453264685,-30.0,2.0,1,0.001,False,False,13.565490277543956,75,17.709159380834848,79.279,in_progress,0.0
30,34.0,2.0206150386825703,4.884465477513746,171.5033988079676,-30.0,1.0,0,0.001,False,False,14.132432517154136,76,17.709159380834848,79.335,in_progress,0.0
30,35.0,1.937523904319786,4.901223109365748,170.43712609266467,-20.0,1.0,2,0.001,False,False,14.598376133875057,76,17.709159380834848,79.405,in_progress,0.0
30,36.0,1.8357531671583078,4.923559834860884,169.33767211458544,0.0,2.0,7,0.001,False,False,15.16939814731968,77,17.709159380834848,79.444,in_progress,0.0
30,37.0,1.7582516489645759,4.945561245351609,167.66956515558178,-10.000000000000004,2.0,5,0.001,False,False,15.588848603681749,77,17.709159380834848,79.527,in_progress,0.0
30,38.0,1.6673905066714594,4.9766316733100355,165.24249880831303,-20.0,2.0,3,0.001,False,False,16.0723207559216,78,17.709159380834848,79.594,in_progress,0.0
30,39.0,1.5575196969282112,5.027233173696074,160.78145335279058,0.0,2.0,7,0.001,True,False,16.680461554394032,79,17.709159380834848,79.666,off_track,0.0
31,1.0,3.4182898001038695,4.1989853827209,128.99444866637725,0.0,1.0,6,0.0,False,True,0.791738917769591,66,17.709159380834848,79.797,prepare,0.0
31,2.0,3.4183597645600163,4.1987713441933545,129.02850330762502,-10.000000000000004,2.0,5,1.0,False,True,0.7905505554073211,66,17.709159380834848,79.873,in_progress,0.0
31,3.0,3.4148787403920644,4.203589315318296,128.93204228018092,0.0,2.0,7,1.0,False,True,0.8240658007620194,66,17.709159380834848,79.932,in_progress,0.0
31,4.0,3.404772034157712,4.2191489878753625,128.4418930363979,20.0,1.0,10,1.0,False,True,0.9266591041367067,66,17.709159380834848,80.009,in_progress,0.0
31,5.0,3.3815815192052763,4.2499411696949885,128.11689466933873,0.0,1.0,6,1.0,False,True,1.1411419094865316,66,17.709159380834848,80.072,in_progress,0.0
31,6.0,3.3568515975297553,4.282973655758477,127.83983007570242,9.999999999999998,1.0,8,1.0,False,True,1.3706209458052787,67,17.709159380834848,80.139,in_progress,0.0
31,7.0,3.323786347216968,4.3262611222238325,127.69806341702012,9.999999999999998,1.0,8,1.0,False,True,1.6740504539065837,67,17.709159380834848,80.206,in_progress,0.0
31,8.0,3.2820255709666353,4.375272749819986,128.34902767836468,0.0,2.0,7,1.0,False,True,1.9951330836192271,67,17.709159380834848,80.268,in_progress,0.0
31,9.0,3.239030483661235,4.428195247744702,128.57632646397235,-10.000000000000004,2.0,5,1.0,False,True,2.3593046486598213,68,17.709159380834848,80.342,in_progress,0.0
31,10.0,3.177910684517569,4.509937624927414,127.80522821968987,-30.0,2.0,1,0.5,False,True,2.8355186971368296,68,17.709159380834848,80.394,in_progress,0.0
31,11.0,3.1263096962926107,4.592343786121283,125.64197277101178,-30.0,1.0,0,0.5,False,True,3.300954425441105,69,17.709159380834848,80.472,in_progress,0.0
31,12.0,3.086779771604021,4.673439942916624,122.38806220751933,-20.0,2.0,3,0.1,False,True,3.4225210382734184,69,17.709159380834848,80.537,in_progress,0.0
31,13.0,3.0456415076400662,4.775959871683859,118.15096107952459,-30.0,1.0,0,0.1,False,True,3.729215394652452,69,17.709159380834848,80.607,in_progress,0.0
31,14.0,3.0169869318268216,4.867853077934324,114.27906368009826,-30.0,2.0,1,0.001,False,False,3.98869437003907,70,17.709159380834848,80.671,in_progress,0.0
31,15.0,2.9989239952819933,4.956561871731621,109.89102862872186,-10.000000000000004,1.0,4,0.001,False,False,4.186011342584028,70,17.709159380834848,80.706,in_progress,0.0
31,16.0,2.991687924718311,5.052145877409386,103.8165812313716,-10.000000000000004,2.0,5,0.001,False,False,4.330892689924848,70,17.709159380834848,80.81,in_progress,0.0
31,17.0,2.992115006582296,5.162940742287583,98.16097188591434,-10.000000000000004,1.0,4,0.001,True,False,4.450002480806514,70,17.709159380834848,80.876,off_track,0.0
32,1.0,2.6228650866190266,4.497921628307311,179.06741288490437,30.0,1.0,12,0.0,False,True,0.7915117551153705,72,17.709159380834848,81.004,prepare,0.0
32,2.0,2.623036002067182,4.497829514428474,179.07875574748053,-10.000000000000004,1.0,4,1.0,False,True,0.7905456002215816,72,17.709159380834848,81.067,in_progress,0.0
32,3.0,2.6191950814897247,4.497395380920353,179.231057330652,0.0,1.0,6,1.0,False,True,0.812229585335289,72,17.709159380834848,81.141,in_progress,0.0
32,4.0,2.599313779432975,4.499569331390681,178.69767512045095,30.0,2.0,13,1.0,False,True,0.9245193707972499,72,17.709159380834848,81.204,in_progress,0.0
32,5.0,2.5707716714854314,4.501643688624165,178.33096908987363,30.0,2.0,13,1.0,False,True,1.0857137429174601,72,17.709159380834848,81.279,in_progress,0.0
32,6.0,2.515316343098428,4.50137232385711,178.77779434819985,-20.0,2.0,3,1.0,False,True,1.3988549794908822,73,17.709159380834848,81.334,in_progress,0.0
32,7.0,2.454045132910644,4.502131290903777,178.86600006274853,30.0,1.0,12,1.0,False,True,1.744848791950948,73,17.709159380834848,81.401,in_progress,0.0
32,8.0,2.3868140799136004,4.500696330739034,179.4214623124376,30.0,1.0,12,1.0,False,True,2.123736112577057,73,17.709159380834848,81.471,in_progress,0.0
32,9.0,2.323699624624649,4.494401918169383,-179.0437650099966,-30.0,2.0,1,1.0,False,True,2.48119518965243,74,17.709159380834848,81.525,in_progress,0.0
32,10.0,2.24355688457286,4.485966652918633,-177.50878947359183,-20.0,1.0,2,1.0,False,True,2.9350887147962745,74,17.709159380834848,81.606,in_progress,0.0
32,11.0,2.1549804399552692,4.476855461690974,-176.0692397597534,9.999999999999998,1.0,8,1.0,False,True,3.4367014581396904,75,17.709159380834848,81.669,in_progress,0.0
32,12.0,2.0807364364564522,4.468933742449018,-175.42368972117035,-10.000000000000004,2.0,5,1.0,False,True,3.85658645806376,75,17.709159380834848,81.737,in_progress,0.0
32,13.0,2.0046848738471583,4.456746050024213,-174.0666373106334,20.0,1.0,10,1.0,False,True,4.287739817235692,76,17.709159380834848,81.81,in_progress,0.0
32,14.0,1.9158031084898277,4.442134566326811,-172.91184021961857,-20.0,1.0,2,1.0,False,True,4.7917361539780545,77,17.709159380834848,81.876,in_progress,0.0
32,15.0,1.8444570334015227,4.426882859952175,-171.4356170349783,9.999999999999998,2.0,9,1.0,False,True,5.196813296538949,77,17.709159380834848,81.929,in_progress,0.0
32,16.0,1.7734518771574257,4.410705007998341,-170.2286440042272,20.0,1.0,10,1.0,False,True,5.602205030497154,77,17.709159380834848,82.009,in_progress,0.0
32,17.0,1.683760471317198,4.38485969921751,-168.01387547375407,-30.0,2.0,1,0.5,False,True,6.117400222425184,78,17.709159380834848,82.062,in_progress,0.0
32,18.0,1.6085119324586838,4.356719267943859,-165.38647734926968,30.0,2.0,13,0.5,False,True,6.548489392231205,79,17.709159380834848,82.145,in_progress,0.0
32,19.0,1.5113241072630812,4.321716953590184,-163.38842600938685,9.999999999999998,2.0,9,0.5,False,True,7.128877957240087,79,17.709159380834848,82.202,in_progress,0.0
32,20.0,1.4084633405650044,4.275362160449964,-160.29313144967028,30.0,1.0,12,0.5,False,True,7.932387372854421,80,17.709159380834848,82.264,in_progress,0.0
32,21.0,1.3224913495999933,4.225596598670183,-156.35459052554341,9.999999999999998,2.0,9,0.1,False,True,8.47509240719817,81,17.709159380834848,82.34,in_progress,0.0
32,22.0,1.2282334668679238,4.15858684900336,-151.53385949927338,9.999999999999998,1.0,8,0.1,False,True,9.622414843281357,82,17.709159380834848,82.407,in_progress,0.0
32,23.0,1.1491786508647555,4.090450225989671,-146.48055568091388,-10.000000000000004,1.0,4,0.1,False,True,10.211526528641969,83,17.709159380834848,82.469,in_progress,0.0
32,24.0,1.0829257676442758,4.027051820423652,-142.92743553344903,-30.0,1.0,0,0.1,False,True,10.911111127837625,84,17.709159380834848,82.534,in_progress,0.0
32,25.0,1.0193267535210009,3.972879689294999,-141.6534701642604,0.0,2.0,7,0.1,False,True,11.548500832417009,84,17.709159380834848,82.603,in_progress,0.0
32,26.0,0.9387296047002335,3.9082595791634303,-141.49266252249222,30.0,2.0,13,0.5,False,True,12.274979617291192,85,17.709159380834848,82.658,in_progress,0.0
32,27.0,0.8515199711292377,3.8258955187123056,-139.40632272383138,-20.0,2.0,3,0.5,False,True,13.021839362907805,86,17.709159380834848,82.739,in_progress,0.0
32,28.0,0.7959219490566888,3.7652791421450007,-137.3076712025886,30.0,1.0,12,1.0,False,True,13.422919598504935,87,17.709159380834848,82.806,in_progress,0.0
32,29.0,0.7221779085548784,3.6770530193496005,-134.25422871491654,30.0,1.0,12,1.0,False,True,14.011358311398403,87,17.709159380834848,82.87,in_progress,0.0
32,30.0,0.6700021122490267,3.5947594488214736,-129.83300744164316,30.0,2.0,13,1.0,False,True,14.489023250546362,88,17.709159380834848,82.942,in_progress,0.0
32,31.0,0.633719482431636,3.521067753417929,-125.56657534191018,0.0,2.0,7,1.0,False,True,14.873642406293774,88,17.709159380834848,83.01,in_progress,0.0
32,32.0,0.5942778121919687,3.415468453253028,-119.4216743787398,20.0,2.0,11,0.5,False,True,15.44780057538928,89,17.709159380834848,83.073,in_progress,0.0
32,33.0,0.5668062348159267,3.3129575456763902,-113.80730667253769,9.999999999999998,1.0,8,0.5,False,True,15.944077382391608,90,17.709159380834848,83.139,in_progress,0.0
32,34.0,0.552611359867879,3.207938711817231,-106.8885593163312,-30.0,1.0,0,0.1,False,True,16.417319938195373,90,17.709159380834848,83.206,in_progress,0.0
32,35.0,0.5428586730577444,3.1079287104502056,-102.50336285196435,0.0,2.0,7,0.1,False,True,16.953053665138317,91,17.709159380834848,83.269,in_progress,0.0
32,36.0,0.5339928992399156,3.0211133267541688,-100.14611290610317,20.0,1.0,10,0.1,False,True,17.365938151605455,91,17.709159380834848,83.336,in_progress,0.0
32,37.0,0.5322544218832923,2.922631236548938,-96.86607653436361,-10.000000000000004,1.0,4,0.1,False,True,17.898644823320854,92,17.709159380834848,83.386,in_progress,0.0
32,38.0,0.5344872382673771,2.8333961521698576,-93.78167286802044,9.999999999999998,2.0,9,0.1,False,True,18.437056262399366,93,17.709159380834848,83.469,in_progress,0.0
32,39.0,0.5398108145538343,2.7443037339240544,-91.31040261551071,30.0,2.0,13,0.1,False,False,18.985186036646418,93,17.709159380834848,83.535,in_progress,0.0
32,40.0,0.5569098672060689,2.641026883990193,-87.17883252101645,20.0,2.0,11,0.1,False,False,19.575501230831026,94,17.709159380834848,83.606,in_progress,0.0
32,41.0,0.5864015600074403,2.5275578631692723,-82.2418870475731,-20.0,2.0,3,0.1,False,False,20.259408851450633,95,17.709159380834848,83.67,in_progress,0.0
32,42.0,0.6222153271066468,2.415918862727012,-78.0510643857921,20.0,1.0,10,0.1,False,False,20.917257412377786,95,17.709159380834848,83.74,in_progress,0.0
32,43.0,0.6667431884485251,2.301173795148386,-73.96856961331149,0.0,1.0,6,0.1,False,False,21.602833976145774,96,17.709159380834848,83.808,in_progress,0.0
32,44.0,0.7091468792833151,2.2113816106264546,-70.2911371878313,9.999999999999998,1.0,8,0.1,False,True,22.14790443354041,97,17.709159380834848,83.868,in_progress,0.0
32,45.0,0.7498507983539484,2.136712467171244,-67.37456983502224,30.0,1.0,12,0.1,False,True,22.607367721200898,97,17.709159380834848,83.942,in_progress,0.0
32,46.0,0.8083097447497174,2.0607271934868283,-62.035036628226514,9.999999999999998,1.0,8,0.1,False,True,23.09445555111965,98,17.709159380834848,84.007,in_progress,0.0
32,47.0,0.8628262674759558,2.0021179298558134,-57.357854800079174,9.999999999999998,2.0,9,0.5,False,True,23.48099432020099,98,17.709159380834848,84.074,in_progress,0.0
32,48.0,0.9215063512553814,1.945988674078355,-53.157765301010414,20.0,1.0,10,0.5,False,True,23.858591372747828,99,17.709159380834848,84.141,in_progress,0.0
32,49.0,0.992588020566745,1.8935312066045797,-47.453074829113554,9.999999999999998,2.0,9,1.0,False,True,24.23018735465845,99,17.709159380834848,84.214,in_progress,0.0
32,50.0,1.0739364593397553,1.8447061881069966,-41.58071960105382,-30.0,2.0,1,1.0,False,True,24.59325425796929,100,17.709159380834848,84.278,in_progress,0.0
32,51.0,1.1479137038237788,1.802804162533658,-37.76978648387458,30.0,1.0,12,0.5,False,True,24.909846278224457,100,17.709159380834848,84.339,in_progress,0.0
32,52.0,1.230075260691358,1.7586146688690496,-34.39004128003782,0.0,2.0,7,0.5,False,True,25.248425203833957,101,17.709159380834848,84.407,in_progress,0.0
32,53.0,1.339126662266898,1.7122630293931949,-29.6119685908227,20.0,2.0,11,0.1,False,True,25.63324343850536,101,17.709159380834848,84.473,in_progress,0.0
32,54.0,1.435189644373559,1.6773303722362176,-25.93270636157337,9.999999999999998,2.0,9,0.1,False,True,25.937786781120288,101,17.709159380834848,84.526,in_progress,0.0
32,55.0,1.5385499124260438,1.6485609920675524,-21.828251466525384,20.0,1.0,10,0.001,False,False,26.216740244929536,102,17.709159380834848,84.606,in_progress,0.0
32,56.0,1.6525509761509694,1.6324650576533621,-15.96877560776091,0.0,1.0,6,0.001,False,False,26.43800790896781,102,17.709159380834848,84.667,in_progress,0.0
32,57.0,1.7485060012450222,1.6272229118333161,-11.372565634043495,30.0,1.0,12,0.001,True,False,26.6015100039549,102,17.709159380834848,84.738,off_track,0.0
33,1.0,1.7376071684090804,4.476944711446609,-178.44373236271704,0.0,1.0,6,0.0,False,True,0.7922252704776755,78,17.709159380834848,84.877,prepare,0.0
33,2.0,1.737903177459994,4.477011560247322,-178.43605380624277,20.0,1.0,10,1.0,False,True,0.7905422774273974,78,17.709159380834848,84.936,in_progress,0.0
33,3.0,1.7320839558726218,4.475332747917627,-178.08357211568986,-20.0,1.0,2,1.0,False,True,0.8236957123501365,78,17.709159380834848,85.003,in_progress,0.0
33,4.0,1.708065223245214,4.471071320211473,-177.286257668834,30.0,1.0,12,1.0,False,True,0.9600413999900415,78,17.709159380834848,85.056,in_progress,0.0
33,5.0,1.6815611490121678,4.4650919339754935,-176.14321239628094,20.0,2.0,11,1.0,False,True,1.111174893719813,78,17.709159380834848,85.13,in_progress,0.0
33,6.0,1.635488211071177,4.452675878604712,-173.94260114345644,-10.000000000000004,1.0,4,1.0,False,True,1.374002833034249,78,17.709159380834848,85.207,in_progress,0.0
33,7.0,1.5670822908861384,4.434462999001499,-171.56061246119006,-30.0,1.0,0,1.0,False,True,1.764180155742734,79,17.709159380834848,85.264,in_progress,0.0
33,8.0,1.5110518592345286,4.423518276152254,-170.99115600260612,-30.0,1.0,0,1.0,False,True,2.090011623377619,79,17.709159380834848,85.337,in_progress,0.0
33,9.0,1.4404642262843015,4.412534321116879,-171.0653960412726,9.999999999999998,2.0,9,1.0,False,True,2.491978960452479,80,17.709159380834848,85.409,in_progress,0.0
33,10.0,1.351082617681147,4.403975491931458,-172.27696613968013,30.0,2.0,13,1.0,False,True,3.051667496512789,80,17.709159380834848,85.479,in_progress,0.0
33,11.0,1.2553819758327052,4.388663192294278,-171.78959723797593,20.0,1.0,10,1.0,False,True,3.639021651331209,81,17.709159380834848,85.545,in_progress,0.0
33,12.0,1.1698214686777506,4.3692533582772874,-170.23361494467423,30.0,1.0,12,1.0,False,True,4.114298741407396,82,17.709159380834848,85.608,in_progress,0.0
33,13.0,1.0850022332035116,4.340786520013099,-167.21451906195313,-30.0,1.0,0,1.0,False,True,4.599253766270883,82,17.709159380834848,85.672,in_progress,0.0
33,14.0,1.0171799937927897,4.313320571956732,-164.56358484534192,20.0,1.0,10,1.0,False,True,4.994095325664228,83,17.709159380834848,85.742,in_progress,0.0
33,15.0,0.9352247914775841,4.278869993660855,-161.97514633662385,-20.0,1.0,2,1.0,False,True,5.423870792506813,83,17.709159380834848,85.812,in_progress,0.0
33,16.0,0.8684298274707876,4.244048090423807,-159.16064135462815,9.999999999999998,2.0,9,0.5,False,True,5.823445880631873,84,17.709159380834848,85.853,in_progress,0.0
33,17.0,0.8062273708465563,4.211865824408503,-157.3910955716354,-30.0,2.0,1,0.5,False,True,6.182856350201593,84,17.709159380834848,85.933,in_progress,0.0
33,18.0,0.7194160346291729,4.168371443385064,-155.98186323261166,-30.0,1.0,0,0.5,False,True,6.575347752750737,84,17.709159380834848,86.0,in_progress,0.0
33,19.0,0.6270000889357901,4.129431120702299,-156.4529110451971,0.0,1.0,6,0.1,False,True,7.048694382450815,85,17.709159380834848,86.077,in_progress,0.0
33,20.0,0.5376482735141204,4.094134027972732,-157.13941811033084,-30.0,2.0,1,0.1,False,True,7.209350030648409,85,17.709159380834848,86.141,in_progress,0.0
33,21.0,0.47732707982901135,4.070412630444588,-157.5453315240772,0.0,1.0,6,0.1,False,True,7.467370023097375,85,17.709159380834848,86.207,in_progress,0.0
33,22.0,0.3817815294613981,4.041318740833826,-159.62235757858087,-20.0,2.0,3,0.001,False,False,7.832101865290053,86,17.709159380834848,86.278,in_progress,0.0
33,23.0,0.2778485381402088,4.012632251172498,-161.6517557595925,0.0,2.0,7,0.001,False,False,7.9108419101282745,86,17.709159380834848,86.34,in_progress,0.0
33,24.0,0.1995030656312397,3.9964985202598133,-163.73761379431105,9.999999999999998,1.0,8,0.001,False,False,7.9108419101282745,86,17.709159380834848,86.411,in_progress,0.0
33,25.0,0.08980315717599191,3.9689691941537593,-164.65900117436118,20.0,2.0,11,0.001,True,False,8.144437920527492,86,17.709159380834848,86.468,off_track,0.0
34,1.0,0.9302265250602051,4.196478157317249,-140.8133277385535,0.0,1.0,6,0.0,False,True,0.7863896894945488,84,17.709159380834848,86.61,prepare,0.0
34,2.0,0.9302877180931169,4.196554998440715,-140.81838095847556,-20.0,2.0,3,1.0,False,True,0.7858362778152106,84,17.709159380834848,86.668,in_progress,0.0
34,3.0,0.9249581569309911,4.191456313319964,-140.66830265038098,0.0,1.0,6,1.0,False,True,0.8273911636048403,84,17.709159380834848,86.734,in_progress,0.0
34,4.0,0.907155857674044,4.174436141533374,-140.22665631436448,0.0,2.0,7,1.0,False,True,0.9661511030748637,84,17.709159380834848,86.802,in_progress,0.0
34,5.0,0.8748160947433103,4.146706406661544,-140.12038924096345,-10.000000000000004,2.0,5,1.0,False,True,1.188037642177453,84,17.709159380834848,86.868,in_progress,0.0
34,6.0,0.8373442321053937,4.1140433577155475,-139.87800581470268,9.999999999999998,2.0,9,1.0,False,True,1.4590903260364274,84,17.709159380834848,86.929,in_progress,0.0
34,7.0,0.7846434705661377,4.069402912685359,-139.8312037074293,-10.000000000000004,1.0,4,1.0,False,True,1.8342186212569556,85,17.709159380834848,87.009,in_progress,0.0
34,8.0,0.7168569604299937,4.011692048244314,-139.80257316546374,-20.0,1.0,2,0.5,False,True,2.235515642363195,85,17.709159380834848,87.077,in_progress,0.0
34,9.0,0.6702100675535592,3.977810480855917,-140.76648342073008,-20.0,2.0,3,0.5,False,True,2.5155918971428326,86,17.709159380834848,87.137,in_progress,0.0
34,10.0,0.6115690440706789,3.9398267991143983,-142.54924344173213,-30.0,2.0,1,0.5,False,True,2.843786197562337,86,17.709159380834848,87.208,in_progress,0.0
34,11.0,0.5130453387359423,3.8926966956743536,-147.39385412826448,9.999999999999998,2.0,9,0.1,False,True,3.0585185382217106,86,17.709159380834848,87.278,in_progress,0.0
34,12.0,0.42169654188517736,3.858484891350105,-151.7903242305071,-30.0,1.0,0,0.1,False,True,3.356699076970282,87,17.709159380834848,87.336,in_progress,0.0
34,13.0,0.32683458510194374,3.8300128682283856,-156.05777954191234,-20.0,1.0,2,0.001,False,False,3.62741229615422,87,17.709159380834848,87.412,in_progress,0.0
34,14.0,0.22347552279460114,3.8102284506039954,-161.12775062234164,30.0,1.0,12,0.001,False,False,3.750280088722513,87,17.709159380834848,87.47,in_progress,0.0
34,15.0,0.14288178936445003,3.7978721380824743,-164.3391566849069,20.0,2.0,11,0.001,False,False,3.750280088722513,87,17.709159380834848,87.538,in_progress,0.0
34,16.0,0.05558923636917501,3.785589154748998,-166.93829348416403,0.0,1.0,6,0.001,True,False,3.750280088722513,87,17.709159380834848,87.597,off_track,0.0
35,1.0,0.7179947011436191,3.362416115571577,-87.0749823115212,-10.000000000000004,2.0,5,0.0,False,True,0.7912626060023409,89,17.709159380834848,87.709,prepare,0.0
35,2.0,0.7180821909870866,3.3628252092569717,-87.04823796134708,-10.000000000000004,1.0,4,1.0,False,True,0.7890483310219465,89,17.709159380834848,87.814,in_progress,0.0
35,3.0,0.7191182028433686,3.3494664228891113,-86.93532591087009,-30.0,2.0,1,1.0,False,True,0.8645353149588142,89,17.709159380834848,87.87,in_progress,0.0
35,4.0,0.7187552579753492,3.330150409048288,-87.27485283609153,-20.0,1.0,2,1.0,False,True,0.9721645265140633,90,17.709159380834848,87.937,in_progress,0.0
35,5.0,0.7124008709373315,3.2935702486688467,-89.15372686342002,0.0,1.0,6,1.0,False,True,1.1713596354679168,90,17.709159380834848,88.007,in_progress,0.0
35,6.0,0.7028833266599531,3.240267790546915,-91.56801003313245,30.0,2.0,13,1.0,False,True,1.440427665419164,90,17.709159380834848,88.072,in_progress,0.0
35,7.0,0.695559635000758,3.18252991285548,-92.88331349198471,30.0,2.0,13,1.0,False,True,1.747458849993666,91,17.709159380834848,88.137,in_progress,0.0
35,8.0,0.6913163943628295,3.107495465460067,-92.99613713016639,9.999999999999998,1.0,8,0.5,False,True,2.139445917344396,91,17.709159380834848,88.21,in_progress,0.0
35,9.0,0.6916127179844667,3.0229907884797185,-91.9595259662301,-10.000000000000004,1.0,4,0.5,False,True,2.5965666464164427,92,17.709159380834848,88.275,in_progress,0.0
35,10.0,0.6911875566758912,2.959329888197212,-91.56620103483739,20.0,1.0,10,0.5,False,True,2.9419869396708154,92,17.709159380834848,88.332,in_progress,0.0
35,11.0,0.6934131841321921,2.8906493704671132,-90.64352790418353,-30.0,2.0,1,0.5,False,True,3.3413674851807684,92,17.709159380834848,88.406,in_progress,0.0
35,12.0,0.6944298410237355,2.804233751010209,-90.3172639495328,-20.0,2.0,3,0.5,False,True,3.8161260461659907,93,17.709159380834848,88.469,in_progress,0.0
35,13.0,0.6912162321010967,2.715033233169845,-90.91078214552428,0.0,1.0,6,0.5,False,True,4.330138009883699,94,17.709159380834848,88.547,in_progress,0.0
35,14.0,0.6886363583722429,2.610457071156992,-91.0552398488693,20.0,2.0,11,0.1,False,True,4.918007780648692,94,17.709159380834848,88.606,in_progress,0.0
35,15.0,0.6919669508291352,2.51386053720345,-89.92623556179123,0.0,2.0,7,0.1,False,True,5.45596069537887,95,17.709159380834848,88.664,in_progress,0.0
35,16.0,0.6982842015376161,2.4093545702275945,-88.69132726705813,-20.0,1.0,2,0.1,False,True,6.040718016619029,96,17.709159380834848,88.74,in_progress,0.0
35,17.0,0.7005746934939443,2.3021902372724536,-88.64643710220054,0.0,2.0,7,0.1,False,True,6.635969421689881,96,17.709159380834848,88.785,in_progress,0.0
35,18.0,0.7004691043679575,2.185387690824396,-89.31234978434681,-30.0,1.0,0,0.1,False,True,7.281648568053855,97,17.709159380834848,88.863,in_progress,0.0
35,19.0,0.6945905177891045,2.0969065908642017,-90.77507816207219,-30.0,2.0,1,0.1,False,True,7.76415587514363,98,17.709159380834848,88.933,in_progress,0.0
35,20.0,0.6799569797755807,1.9809238663627027,-93.56757337040862,9.999999999999998,1.0,8,0.1,False,False,8.388633713274762,98,17.709159380834848,89.011,in_progress,0.0
35,21.0,0.6580800489290899,1.8810425012801772,-96.99173654450416,30.0,2.0,13,0.001,False,False,8.916490129205357,99,17.709159380834848,89.067,in_progress,0.0
35,22.0,0.6408028055056658,1.7876906010769111,-98.21950333452968,-30.0,1.0,0,0.001,False,False,9.412924237236453,100,17.709159380834848,89.138,in_progress,0.0
35,23.0,0.6190736191685838,1.6803939738589841,-99.61471333650601,-30.0,1.0,0,0.001,False,False,9.97998697197444,100,17.709159380834848,89.202,in_progress,0.0
35,24.0,0.5955037776452616,1.593661582281621,-101.55590727800572,20.0,1.0,10,0.001,False,False,10.432495283142206,101,17.709159380834848,89.277,in_progress,0.0
35,25.0,0.5686205601711297,1.512084795066147,-103.73102837508756,30.0,1.0,12,0.001,False,False,10.845167371292286,101,17.709159380834848,89.341,in_progress,0.0
35,26.0,0.5469398075939592,1.443331155603811,-104.79665742617796,-30.0,2.0,1,0.001,True,False,11.19995102920618,102,17.709159380834848,89.399,off_track,0.0
36,1.0,0.9211870725700597,2.50059246957975,-78.31932218887394,-20.0,2.0,3,0.0,False,True,0.7916515444040151,95,17.709159380834848,89.536,prepare,0.0
36,2.0,0.9211962625833409,2.500793349094527,-78.30704819935745,20.0,2.0,11,1.0,False,True,0.7905513493415728,95,17.709159380834848,89.608,in_progress,0.0
36,3.0,0.920906188049441,2.4904630735626636,-78.94344780914614,9.999999999999998,1.0,8,1.0,False,True,0.8473382827195675,95,17.709159380834848,89.673,in_progress,0.0
36,4.0,0.9229460944678797,2.472328350924192,-79.33704190904433,9.999999999999998,2.0,9,1.0,False,True,0.9499482824881778,95,17.709159380834848,89.734,in_progress,0.0
36,5.0,0.9310287902130833,2.4371543337515815,-79.0375174663327,-10.000000000000004,2.0,5,1.0,False,True,1.1536980771901906,96,17.709159380834848,89.81,in_progress,0.0
36,6.0,0.9378479094836039,2.3817818581191084,-79.92023476495123,0.0,1.0,6,1.0,False,True,1.4676860750182819,96,17.709159380834848,89.867,in_progress,0.0
36,7.0,0.9473438598606525,2.3258705353760902,-80.02980399686967,0.0,1.0,6,1.0,False,True,1.7877189579539765,96,17.709159380834848,89.939,in_progress,0.0
36,8.0,0.9564309363046789,2.2628635262233727,-80.49723853247465,0.0,2.0,7,1.0,False,True,2.1465181797866717,97,17.709159380834848,90.015,in_progress,0.0
36,9.0,0.9696514673543822,2.1804100362653376,-80.62144100648528,-10.000000000000004,2.0,5,1.0,False,True,2.6175765760319103,97,17.709159380834848,90.071,in_progress,0.0
36,10.0,0.979274166680701,2.1000689252951905,-81.47641524168951,0.0,1.0,6,1.0,False,True,3.072830420657069,98,17.709159380834848,90.137,in_progress,0.0
36,11.0,0.9915161676072447,2.0119004891200256,-81.71946871511037,9.999999999999998,1.0,8,1.0,False,True,3.574368715615339,99,17.709159380834848,90.212,in_progress,0.0
36,12.0,1.0078908955115526,1.9198935893733609,-81.08081627664562,-10.000000000000004,1.0,4,1.0,False,True,4.101922679493963,99,17.709159380834848,90.273,in_progress,0.0
36,13.0,1.0201310676809678,1.8468850711962417,-80.8988433192792,-10.000000000000004,1.0,4,1.0,False,True,4.519639839299083,100,17.709159380834848,90.335,in_progress,0.0
36,14.0,1.0303639361515322,1.7809176634048467,-81.01928693540246,-10.000000000000004,1.0,4,1.0,False,True,4.896007888486964,100,17.709159380834848,90.411,in_progress,0.0
36,15.0,1.039717848009663,1.7070067413711107,-81.55669166378053,9.999999999999998,2.0,9,1.0,False,True,5.315394958729536,101,17.709159380834848,90.48,in_progress,0.0
36,16.0,1.0492201443992561,1.6295309691632145,-81.99443823940011,9.999999999999998,1.0,8,1.0,False,True,5.753952581922972,101,17.709159380834848,90.545,in_progress,0.0
36,17.0,1.0656748985673208,1.5358843787536336,-81.26952742397589,9.999999999999998,1.0,8,1.0,False,True,6.29056307901954,102,17.709159380834848,90.603,in_progress,0.0
36,18.0,1.0758265672834568,1.4777837479142548,-80.99927090389959,0.0,2.0,7,1.0,False,True,6.621344231026782,102,17.709159380834848,90.669,in_progress,0.0
36,19.0,1.0900475006695884,1.4047147698242841,-80.38638081021081,-20.0,2.0,3,1.0,False,True,7.041596329257427,103,17.709159380834848,90.723,in_progress,0.0
36,20.0,1.103260636744557,1.303180763452666,-81.32652216458679,30.0,2.0,13,1.0,False,True,7.590866240206973,103,17.709159380834848,90.81,in_progress,0.0
36,21.0,1.1177308275665405,1.1920933391379978,-81.82921709171306,0.0,2.0,7,0.5,False,True,8.171571196311433,104,17.709159380834848,90.862,in_progress,0.0
36,22.0,1.1351934790229945,1.0851215068168611,-81.40800523237701,9.999999999999998,2.0,9,0.5,False,True,8.770160568801133,105,17.709159380834848,90.937,in_progress,0.0
36,23.0,1.1586565153516013,0.9687187779431374,-80.2016955905859,20.0,1.0,10,0.5,False,True,9.23561549285642,105,17.709159380834848,91.009,in_progress,0.0
36,24.0,1.1954021515947186,0.8516208575559148,-76.81000943539799,20.0,1.0,10,0.5,False,True,9.833978197712712,106,17.709159380834848,91.065,in_progress,0.0
36,25.0,1.2340803829516047,0.7613441664861661,-73.183032997192,0.0,2.0,7,0.1,False,True,10.29798138330561,107,17.709159380834848,91.128,in_progress,0.0
36,26.0,1.2845264724627992,0.6561925432378342,-69.583589293951,9.999999999999998,1.0,8,0.1,False,True,10.681487699970948,107,17.709159380834848,91.198,in_progress,0.0
36,27.0,1.33218880259317,0.5740769492225372,-66.06322465448285,20.0,2.0,11,0.1,False,True,10.886650741323578,107,17.709159380834848,91.262,in_progress,0.0
36,28.0,1.3918969740839577,0.48688071697081753,-61.99411188864497,20.0,1.0,10,0.1,False,False,11.414773196648953,108,17.709159380834848,91.351,in_progress,0.0
36,29.0,1.4682949823223774,0.4025131760089724,-56.15782955046767,9.999999999999998,2.0,9,0.001,False,False,11.659338762784365,108,17.709159380834848,91.406,in_progress,0.0
36,30.0,1.5431110517969295,0.32912249602350263,-51.64043825600406,9.999999999999998,2.0,9,0.001,False,False,12.191817748425137,109,17.709159380834848,91.466,in_progress,0.0
36,31.0,1.6120087297873025,0.27071316080342256,-47.765648305805136,20.0,2.0,11,0.001,False,False,12.371672261628696,109,17.709159380834848,91.534,in_progress,0.0
36,32.0,1.708348888111525,0.20368638664315092,-42.27086481683664,-20.0,2.0,3,0.001,False,False,12.96125759448401,110,17.709159380834848,91.612,in_progress,0.0
36,33.0,1.8226706057189883,0.13734916453356957,-36.66051838320582,-30.0,2.0,1,0.001,True,False,13.462618938148607,110,17.709159380834848,91.671,off_track,0.0
37,1.0,1.1008889308816223,1.633634601282732,-78.2976580274636,-20.0,1.0,2,0.0,False,True,0.7912455579900834,101,17.709159380834848,91.813,prepare,0.0
37,2.0,1.1008400344155935,1.6336959992605204,-78.28966062560751,30.0,2.0,13,1.0,False,True,0.7908495062905363,101,17.709159380834848,91.869,in_progress,0.0
37,3.0,1.102531756711319,1.626164660007746,-78.31882661231968,30.0,2.0,13,1.0,False,True,0.8344329001490403,101,17.709159380834848,91.937,in_progress,0.0
37,4.0,1.109313823748516,1.6049096244261176,-77.75637604790921,9.999999999999998,1.0,8,1.0,False,True,0.9597647208499982,101,17.709159380834848,92.01,in_progress,0.0
37,5.0,1.1233271438104333,1.5658235536347864,-76.48829049398914,9.999999999999998,2.0,9,1.0,False,True,1.1920279318275218,102,17.709159380834848,92.07,in_progress,0.0
37,6.0,1.140304681396478,1.5226339348316915,-75.02214725561927,-10.000000000000004,1.0,4,1.0,False,True,1.450408749786547,102,17.709159380834848,92.127,in_progress,0.0
37,7.0,1.1597755658868716,1.4666425283454598,-74.03700374144587,-20.0,1.0,2,1.0,False,True,1.7832724501835373,102,17.709159380834848,92.206,in_progress,0.0
37,8.0,1.1842169272040173,1.3919471917920867,-73.4084292344307,30.0,2.0,13,1.0,False,True,2.224728421958877,103,17.709159380834848,92.269,in_progress,0.0
37,9.0,1.2010035993702288,1.3319266145612483,-73.65967911082558,-30.0,1.0,0,1.0,False,True,2.588866592817307,103,17.709159380834848,92.341,in_progress,0.0
37,10.0,1.222986164168301,1.2570515180361301,-73.60521724187761,-10.000000000000004,2.0,5,1.0,False,True,3.029514159347102,104,17.709159380834848,92.407,in_progress,0.0
37,11.0,1.2448185152355682,1.1710170622658993,-74.38602785080406,9.999999999999998,1.0,8,1.0,False,True,3.5432182110596955,104,17.709159380834848,92.465,in_progress,0.0
37,12.0,1.2681178681234853,1.0848197026540598,-74.52206490151977,-10.000000000000004,2.0,5,1.0,False,True,4.060408370348756,105,17.709159380834848,92.539,in_progress,0.0
37,13.0,1.2911522114222043,1.0077992941073055,-74.18245970269234,9.999999999999998,1.0,8,1.0,False,True,4.490082476241108,106,17.709159380834848,92.609,in_progress,0.0
37,14.0,1.3222354883773741,0.9042640135184543,-73.84341256909516,9.999999999999998,2.0,9,1.0,False,True,5.033347727071169,106,17.709159380834848,92.667,in_progress,0.0
37,15.0,1.3505056059670415,0.8285418182827049,-72.51834165949793,30.0,2.0,13,0.5,False,True,5.457550901161579,107,17.709159380834848,92.737,in_progress,0.0
37,16.0,1.391494532568611,0.7344519722716892,-70.21204630856612,30.0,1.0,12,0.5,False,True,5.759703822515783,107,17.709159380834848,92.804,in_progress,0.0
37,17.0,1.4519218963119085,0.6353070270846743,-65.32429039352338,-10.000000000000004,2.0,5,0.1,False,True,6.322936170670623,108,17.709159380834848,92.867,in_progress,0.0
37,18.0,1.4993660525573214,0.568933988371285,-61.9393991528937,-20.0,2.0,3,0.1,False,True,6.526288062117458,108,17.709159380834848,92.939,in_progress,0.0
37,19.0,1.5645489522113398,0.4748730442776289,-59.269925772835926,-10.000000000000004,2.0,5,0.1,False,True,7.0443866012182,109,17.709159380834848,93.006,in_progress,0.0
37,20.0,1.6339754892236926,0.37122355870541546,-57.943348257678636,-10.000000000000004,2.0,5,0.1,False,False,7.371672261628692,109,17.709159380834848,93.065,in_progress,0.0
37,21.0,1.701286304411941,0.2731804537256619,-56.954717813931666,20.0,1.0,10,0.001,False,False,7.841349048715829,110,17.709159380834848,93.14,in_progress,0.0
37,22.0,1.7684159483700268,0.18341570911375168,-55.43950354557686,-20.0,1.0,2,0.001,False,False,8.227168125475382,110,17.709159380834848,93.212,in_progress,0.0
37,23.0,1.8405609896643365,0.09212448868625421,-53.92402931367603,30.0,1.0,12,0.001,True,False,8.598984571054535,110,17.709159380834848,93.27,off_track,0.0
38,1.0,1.4532654272325807,0.84165815551391,-47.8523509532014,-20.0,1.0,2,0.0,False,True,0.7853172872215874,107,17.709159380834848,93.406,prepare,0.0
38,2.0,1.4530581054908074,0.8417807830286848,-47.8725852699154,-20.0,1.0,2,1.0,False,True,0.7839586981401747,107,17.709159380834848,93.471,in_progress,0.0
38,3.0,1.4584033596712114,0.8388768092467793,-47.371117969201926,0.0,2.0,7,1.0,False,True,0.8183067286064771,107,17.709159380834848,93.537,in_progress,0.0
38,4.0,1.4728116496996033,0.8231292838708973,-47.40565144183829,0.0,2.0,7,1.0,False,True,0.9317841792846449,107,17.709159380834848,93.569,in_progress,0.0
38,5.0,1.5069612482372519,0.792837351454445,-46.393108997602845,-20.0,2.0,3,1.0,False,True,1.1821920576726042,108,17.709159380834848,93.676,in_progress,0.0
38,6.0,1.5328992794715688,0.766283135821882,-46.28349970523049,-30.0,1.0,0,1.0,False,True,1.3817417018139988,108,17.709159380834848,93.735,in_progress,0.0
38,7.0,1.5727991537028965,0.7200033381397457,-47.01499735193516,-30.0,1.0,0,1.0,False,True,1.6475997578654478,108,17.709159380834848,93.803,in_progress,0.0
38,8.0,1.6133029722107952,0.6614206880933261,-49.35774480706974,-30.0,1.0,0,0.5,False,True,1.9697812855145935,109,17.709159380834848,93.858,in_progress,0.0
38,9.0,1.6448816782062843,0.6090740505720852,-51.628456727304794,-10.000000000000004,2.0,5,0.5,False,True,2.2329725868287853,109,17.709159380834848,93.948,in_progress,0.0
38,10.0,1.6876808642399206,0.5216180471590462,-56.12456597485991,20.0,2.0,11,0.1,False,True,2.4770158536679854,109,17.709159380834848,94.002,in_progress,0.0
38,11.0,1.7219336945759625,0.44721019533022605,-59.06878548619597,9.999999999999998,2.0,9,0.1,False,True,2.7528844571754307,109,17.709159380834848,94.071,in_progress,0.0
38,12.0,1.762967158493925,0.35562575312565103,-61.680389089732955,0.0,1.0,6,0.1,False,True,3.086211532851779,110,17.709159380834848,94.135,in_progress,0.0
38,13.0,1.8009037474147935,0.26040436526450766,-64.13064454771231,0.0,2.0,7,0.001,False,False,3.2419911766227383,110,17.709159380834848,94.206,in_progress,0.0
38,14.0,1.8403813828618292,0.1508091007210103,-66.79353276206882,20.0,2.0,11,0.001,False,False,3.550783284732262,110,17.709159380834848,94.27,in_progress,0.0
38,15.0,1.8751186151973835,0.05302731272813438,-68.19096845149681,0.0,2.0,7,0.001,True,False,3.823579144561029,111,17.709159380834848,94.335,off_track,0.0
39,1.0,2.3145624830733396,0.6707123119412334,-1.1415706723249657,20.0,2.0,11,0.0,False,True,0.7910727109230464,113,17.709159380834848,94.468,prepare,0.0
39,2.0,2.314461313881159,0.6707960759928494,-1.1041583585924888,-10.000000000000004,1.0,4,1.0,False,True,0.7905183955890682,113,17.709159380834848,94.537,in_progress,0.0
39,3.0,2.3205585856565327,0.6724954363921656,-0.6587485605487388,-10.000000000000004,2.0,5,1.0,False,True,0.8252642500959362,113,17.709159380834848,94.597,in_progress,0.0
39,4.0,2.3474931393656666,0.6734264654672473,-0.3756841126525338,20.0,2.0,11,1.0,False,True,0.9774489751907867,113,17.709159380834848,94.667,in_progress,0.0
39,5.0,2.3764256326739726,0.6710203297490428,-0.9401714028249162,-30.0,1.0,0,1.0,False,True,1.1402467967755125,113,17.709159380834848,94.738,in_progress,0.0
39,6.0,2.426827352295989,0.6667437221442171,-1.8576948813976568,0.0,1.0,6,1.0,False,True,1.4238311474867538,114,17.709159380834848,94.803,in_progress,0.0
39,7.0,2.488111164466761,0.6602570703917628,-3.0199523814491176,20.0,2.0,11,1.0,False,True,1.7687304359658262,114,17.709159380834848,94.869,in_progress,0.0
39,8.0,2.5460736411633,0.654880254602338,-3.6126691268991937,-30.0,1.0,0,1.0,False,True,2.094913116644481,115,17.709159380834848,94.938,in_progress,0.0
39,9.0,2.617216839187853,0.6502757287907125,-3.658356585963934,-30.0,2.0,1,1.0,False,True,2.4983753875837955,115,17.709159380834848,95.008,in_progress,0.0
39,10.0,2.7205457330014156,0.6322732331858231,-6.165070451490495,-30.0,1.0,0,1.0,False,True,3.080186572435739,116,17.709159380834848,95.065,in_progress,0.0
39,11.0,2.7878319509515928,0.6133253241805084,-8.813372040378605,20.0,1.0,10,1.0,False,True,3.4646951898619993,116,17.709159380834848,95.156,in_progress,0.0
39,12.0,2.8760486957912192,0.583690174850755,-12.219281537971446,-10.000000000000004,1.0,4,0.5,False,True,3.962868096032879,117,17.709159380834848,95.208,in_progress,0.0
39,13.0,2.9294460862893716,0.5650316173094102,-13.765727504367254,9.999999999999998,2.0,9,0.5,False,True,4.266680900548692,117,17.709159380834848,95.269,in_progress,0.0
39,14.0,3.012507949063325,0.5357946490111954,-15.6732254798543,0.0,1.0,6,0.5,False,True,4.736303454359381,118,17.709159380834848,95.335,in_progress,0.0
39,15.0,3.089476307526236,0.5047277892069817,-17.704936326952215,-20.0,1.0,2,0.5,False,True,5.164736944473546,0,17.709159380834848,95.401,in_progress,0.0
39,16.0,3.163570505907137,0.4706667965240477,-19.922938154471904,0.0,2.0,7,0.1,False,True,5.582514381838706,1,17.709159380834848,95.468,in_progress,0.0
39,17.0,3.241404307225386,0.4275307584723338,-23.018980731746762,30.0,1.0,12,0.1,False,True,6.023651693081973,1,17.709159380834848,95.539,in_progress,0.0
39,18.0,3.315655584075418,0.38992856107930834,-24.263149734747497,9.999999999999998,2.0,9,0.1,False,True,6.442607818851414,2,17.709159380834848,95.613,in_progress,0.0
39,19.0,3.400721894008972,0.34723076124888913,-25.2016563589579,0.0,2.0,7,0.1,False,False,6.9250157398156205,2,17.709159380834848,95.67,in_progress,0.0
39,20.0,3.4866408758306773,0.30070545713798363,-26.443316350826215,-10.000000000000004,1.0,4,0.001,False,False,7.410116030403017,3,17.709159380834848,95.742,in_progress,0.0
39,21.0,3.583103621696657,0.2428437503052122,-28.221119508249355,-10.000000000000004,2.0,5,0.001,False,False,7.954385076776163,3,17.709159380834848,95.802,in_progress,0.0
39,22.0,3.6689716477974605,0.18533471312176036,-30.404339993315368,-20.0,2.0,3,0.001,False,False,8.439197316069311,4,17.709159380834848,95.872,in_progress,0.0
39,23.0,3.7524410685220504,0.11981064099191349,-33.46349674956675,-10.000000000000004,2.0,5,0.001,False,False,8.910393747526527,5,17.709159380834848,95.937,in_progress,0.0
39,24.0,3.834936328542332,0.04350274462421204,-37.304157759285545,-10.000000000000004,2.0,5,0.001,True,False,9.376160032234893,5,17.709159380834848,96.004,off_track,0.0
